Email,Weight
ken.fritzsche@gmail.com,6747
nourashrafeddin@yahoo.com,3767
powerjacks@hotmail.com,3767
iris.guo980225@icloud.com,6747
meganmcmanaway@gmail.com,4675
nshinde@msn.com,4548
debbie.lomis@gmail.com,4633
dsoumo.pal@gmail.com,4548
janetammons2@gmail.com,6376
bajwa.sonia@gmail.com,4570
michael.stepaniak@gmail.com,6551
avesyan2@gmail.com,6147
geetasareen59@gmail.com,4675
jason_liu1116@hotmail.com,3597
grbufalini@gmail.com,4675
aim8532@aol.com,3442
smith7000@comcast.net,10956
hhipropertiesllc@gmail.com,6747
tbarka@aol.com,3767
suericcardi@gmail.com,6747
lovejsjh@gmail.com,3767
youngannyu@gmail.com,3767
ksharm2016@gmail.com,6747
janetk282@gmail.com,4675
vamsi0493@gmail.com,4548
mianxue@yahoo.com,4633
huipan05@yahoo.com,4548
rodelsig412@gmail.com,6376
itsmematha@gmail.com,4463
dravenosaurus@gmail.com,4570
uttam.naikwadi@gmail.com,8028
jkettering@comcast.net,6147
rehrentrau@aol.com,4675
hugh_beal@hotmail.com,4505
dahntahn@hotmail.com,4675
mmegarry@verizon.net,4548
ggtunie@icloud.com,6747
ritoula@comcast.net,6747
tamaratunie@icloud.com,3767
szovin00@gmail.com,3767
rosenjackd@gmail.com,6747
goodhorse54@gmail.com,3767
blumenfeld488@comcast.net,10514
yangpatil@gmail.com,4675
guiliangke@gmail.com,4548
julie.rekant@aol.com,4633
csimpfendorfer@yahoo.com,4548
pujadutta98@gmail.com,4740
rajsesh@gmail.com,6376
balzerc16@gmail.com,4463
george@stetten.com,4570
kganapat@gmail.com,8028
xuefeng_zhng@yahoo.com,6147
shamrock127@comcast.net,4675
rymey11@gmail.com,4505
day82914@gmail.com,4675
nancyhoff910@gmail.com,4548
apwearden@gmail.com,6747
salman.hanna@gmail.com,6747
zizia60@yahoo.com,3767
asajewski22@gmail.com,3767
sherrygoldenmsw@gmail.com,6747
urban.z50@gmail.com,3767
huntern42@gmail.com,3767
passmore.david@gmail.com,6747
tracywxm3@gmail.com,4675
aditi.n.kabra@gmail.com,4548
aclark1705@att.net,4633
pjj14@yahoo.com,4548
anitasane@att.net,4740
jibinson11@gmail.com,6376
anishajain9@gmail.com,4463
regisjflaherty@gmail.com,4570
haiyanzhou62+unit412@gmail.com,8028
lauren.novick@gmail.com,6147
harleyc@andrew.cmu.edu,4675
jsmetzger@verizon.net,4505
mische.holland@pitt.edu,4675
dmtowns7@gmail.com,4548
stevenoh2010@gmail.com,6747
dja1017@msn.com,6747
usstudy888@gmail.com,3767
jeff.borrebach@gmail.com,3767
asmi_butala@yahoo.com,6747
twoxpressyourself@msn.com,3767
fayesoh612@gmail.com,3767
goldenle@upmc.edu,6747
fuzexiaguo@gmail.com,4675
sundogx@gmail.com,4548
ksquare422@comcast.net,4633
aaron@aaronmarks.net,4548
pboykin508@gmail.com,4740
kshissler@juno.com,6376
barry@blsestate.com,4463
bubbiehg3@msn.com,4570
rkelly512@comcast.net,8028
babaalexie@yahoo.com,6147
chefhanish@gmail.com,4675
katie.maietta@gmail.com,4505
gopp002@gmail.com,4675
luzadrianas@outlook.com,4548
rsusai@yahoo.com,6747
alex.kushner@gmail.com,6747
brianhlee@comcast.net,3767
heatherballance@gmail.com,3767
skbum2@gmail.com,6747
oliviarazzak1008@gmail.com,3767
jm7078476@gmail.com,3767
johnandmijee@yahoo.com,6747
weiyuanariel@gmail.com,4675
sabmor@icloud.com,4548
madhavicmu@yahoo.com,4633
mcarroll226@gmail.com,4548
ikow917@gmail.com,4740
lmoran@ballymoneyrealestate.com,6376
lisatirmenstein@yahoo.com,4463
tooth2@gmail.com,4570
olt11@pitt.edu,8028
kalchthalera5510@gmail.com,6147
jasonmli02@gmail.com,4675
pesimms@hotmail.com,4505
shreedhu65@gmail.com,4675
sunyang@consolidated.net,4548
gil@ambersontowers.info,6747
gongyinan1985@gmail.com,6747
jcmontoyar1@gmail.com,3767
izuniaf@yahoo.com,3767
behepner4@gmail.com,6747
scottmckinstry1@gmail.com,3767
nkjoshi8@gmail.com,3767
mina131@comcast.net,6747
rosensusan60@yahoo.com,4675
rmjdaisy@gmail.com,4547
xinglu88@gmail.com,4633
pratapsingh1729@gmail.com,4548
mclaughlinbt@upmc.edu,4740
lazar.vujanovic@gmail.com,6376
ukumta@gmail.com,4463
mcinerneypata@gmail.com,4570
karjer2003@gmail.com,8028
leytonmimsie@gmail.com,6147
michaelnelson001@comcast.net,4675
kevin.saval@gmail.com,4505
hk465@caa.columbia.edu,4675
jesse12shen@gmail.com,4548
scottshilger@gmail.com,6747
kwfedor@abarta.com,6747
wtmcgjr@yahoo.com,3767
spj5193@gmail.com,3767
faye@rjwmedia.com,6747
aschepler@gmail.com,3767
nguyenrichard272@yahoo.com,3767
marcymb3@gmail.com,6747
dusica227@gmail.com,4675
jamesawick@gmail.com,4548
olivehci@gmail.com,4633
demengchen@gmail.com,4547
caixinge1@gmail.com,4740
hankhplee@gmail.com,6376
mfogelson630@gmail.com,4463
songyanx@gmail.com,4570
ianwinokur@hotmail.com,8028
nyu0005@gmail.com,6147
gerry.lavan@gmail.com,4675
yinruofei0818@gmail.com,4505
shruthi1094@gmail.com,4675
cheewen2@aol.com,4548
stardancer3696@gmail.com,6747
lisajohngismondi@gmail.com,6747
limingzhe95@gmail.com,3767
kgurusha@andrew.cmu.edu,3767
dona.albert@yahoo.com,10514
yliumb@gmail.com,10918
lobdellpgh@aol.com,4675
cervas@cmu.edu,4548
jparlak22@yahoo.com,4633
rudyzhou1234@gmail.com,4548
thetianshuhuang@gmail.com,4740
marissaedi@gmail.com,6376
christinahong94@gmail.com,4463
clark5022@comcast.net,4570
angelita.fong@yahoo.com,8028
mcdermottm280@gmail.com,6147
ttran28@yahoo.com,4675
lorifrommiami@gmail.com,4505
laura61672@gmail.com,4675
max.petrunya@gmail.com,4548
ralf.brown@gmail.com,6747
awmdmd@gmail.com,8410
aaroheefulay178@gmail.com,3767